"Sequence 1","Sequence 2","New Sequence"
"ACTGGTACAC","CTAGTACGTC","GACGTACGTC"
"CAGTCTGAGG","GTACATCGAT","GTCGACGAGT"
"TACTGATCGA","AGCTGCGATG","GATCGTCGAC"
"GCTAGCTTCA","TCGAGACGTT","GCTGACGCTT"
"ATCGTAGGTC","GACATCGTAA","GATCGTATGA"
"TAGCTGAGTC","ACAGCTGTTG","GACTGTCGTC"
"CTCAGTAGCC","GATCGACGAT","GACTGACGCC"
"AGCTTGACCA","TGCAGCTGAT","GACGCTGACC"
"TCGATCGGAC","GACTAGCATG","GACGATCGAC"
"GCTACGTCAG","ATCGTTCGGA","GACGTGCGCA"
"CAGTAGTACC","ATCTGATGAC","GATAGTCGAC"
"TACGTCGATC","CTAGATGAGT","GATCTGACGT"
"AGTCGACTAG","CGTAGTCTAG","GACGATCTAC"
"TACTCGTAGC","GACGTTAGTC","GTCGTGACTC"
"GCTATCGTGA","AGGACTAGTC","GACGCTAGTC"
"ATCGAGCTGT","TAGCATCGAG","GACGTAGGAG"
"TAGCTGACTA","CTGAGTCGTA","GACGACTAGT"
"CAGGTCGTCA","GCTAGCATGA","GCTGACGACC"
"TCGACTGAGC","ACTAGCGTAC","GACTGACGTA"
"GACTAGTCCA","CTCAGACGAT","GACGTCGCTA"
"AGCTGACGAT","TCTAGTGACT","GACGACGACT"
"ATGTCGAGTC","CAGGTCGACG","GTCGTCGTGA"
"CAGTTCGATG","AGTCTACGAG","GACTTCGACT"
"TCGACTAGGA","GATAGTCGCT","GACTGAGTGA"
"GCTAGCAGCT","AGCTGTAGTA","GACGCTGCTA"
"ACTGCTGATA","CTAGACGCTG","GACGACGCTG"
"TCTGACGTAC","GCTAGTACGA","GACGAGTATA"
"AGCTGACTCG","CAGCTTATCG","GACGTGATCG"
"ATGCTAGCGA","CTAGTGTGCA","GACGAGCTCA"
"CTCGATCAGT","AGTCGAGTAG","GACTGATGTA"
"TAGCAGTCAG","GATGCTGATG","GACGAGTGAT"
"AGCTGCTGCA","TACTGAGCAG","GACTGCTGAC"
"TCGACGTGCT","CAGAGATCGA","GACTGCGTCA"
"GCTAGTCGAG","ATCAGTCTGA","GACGACGACG"
"CAGTAGGATC","GCTAGTCGCA","GACGTACGAT"
"ATCGTACGAC","GACTAGTCGT","GACGATCGTC"
"AGCTTGCTAG","GCTAGACGTA","GACGACGATA"
"TAGCTGAGCA","CTCAGTCTAC","GACGAGTAGC"
"GACTCGTAGC","ATGCTGACTC","GACGATGATG"
"CAGTGTAGTC","ACTAGCTAGT","GACGCTGTAC"
"TAGGATCAGT","CGTACGTAGC","GACTGTCAGC"
"TCGATCAGGT","ACTGCTGTCG","GACGACTAGT"
"AGTCGACGTC","CAGATAGTAG","GACTGCTAGT"
"TACTAGCTGT","GCTAGCTAGT","GACGACGCTT"
"CAGTAGGATC","ACTCAGTACG","GACGAGTTCG"
"GATGCTGACT","TAGCTACGAG","GACGCTAGTC"
"TCGTAGCAGC","AGTCTAGTGA","GACGTCGTCG"
"AGCCTGTCAG","TCGACTGCTG","GACGACTGTA"
"TACTAGCTGA","GATCGTCAGT","GACGCTAGAT"
"CAGGTCAGTA","AGTAGCTGTC","GACGATCTGC"
"ACTCAGTGAG","TAGGTCACGT","GACGCTAGTC"
"AGCTACGTGA","CTAGTAGCGA","GACGCTGACG"
"TCTAGTGACT","GACCTAGTGA","GACGTCGTCG"
"GCTACTACGA","ATCGTAGTAG","GACGACGCTG"
"CAGTAGGCTA","AGCTGATGTC","GACGACTAGG"
"AGCTAGCTGT","TCGTGACTAG","GACGACTCGG"
"TAGCGTACGA","CAGTAGCAGC","GACGCTCGAC"
"GCTAGTACGC","ATGACTGTCG","GACGTCGATA"
"CAGCTAGCGA","AGTAGTCAGC","GACGACTAGG"
"TCGGACGTTC","ACGTCGCTGA","GACGCTGTCG"
"AGTCGACGTC","CAGATAGTAG","GACTGCTAGT"
"TACTAGCTGT","GCTAGCTAGT","GACGACGCTT"
"CAGTAGGATC","ACTCAGTACG","GACGAGTTCG"
"GATGCTGACT","TAGCTACGAG","GACGCTAGTC"
"TCGTAGCAGC","AGTCTAGTGA","GACGTCGTCG"
"AGCCTGTCAG","TCGACTGCTG","GACGACTGTA"
"TACTAGCTGA","GATCGTCAGT","GACGCTAGAT"
"CAGGTCAGTA","AGTAGCTGTC","GACGATCTGC"
"ACTCAGTGAG","TAGGTCACGT","GACGCTAGTC"
"AGCTACGTGA","CTAGTAGCGA","GACGCTGACG"
"TCTAGTGACT","GACCTAGTGA","GACGTCGTCG"
"GCTACTACGA","ATCGTAGTAG","GACGACGCTG"
"CAGTAGGCTA","AGCTGATGTC","GACGACTAGG"
"AGCTAGCTGT","TCGTGACTAG","GACGACTCGG"
"TAGCGTACGA","CAGTAGCAGC","GACGCTCGAC"
"GCTAGTACGC","ATGACTGTCG","GACGTCGATA"
"CAGCTAGCGA","AGTAGTCAGC","GACGACTAGG"
"TCGGACGTTC","ACGTCGCTGA","GACGCTGTCG"
"AGTCGACGTC","CAGATAGTAG","GACTGCTAGT"
"TACTAGCTGT","GCTAGCTAGT","GACGACGCTT"
"CAGTAGGATC","ACTCAGTACG","GACGAGTTCG"
"GATGCTGACT","TAGCTACGAG","GACGCTAGTC"
"TCGTAGCAGC","AGTCTAGTGA","GACGTCGTCG"
"AGCCTGTCAG","TCGACTGCTG","GACGACTGTA"
"TACTAGCTGA","GATCGTCAGT","GACGCTAGAT"
"CAGGTCAGTA","AGTAGCTGTC","GACGATCTGC"
"ACTCAGTGAG","TAGGTCACGT","GACGCTAGTC"
"AGCTACGTGA","CTAGTAGCGA","GACGCTGACG"
"TCTAGTGACT","GACCTAGTGA","GACGTCGTCG"
"GCTACTACGA","ATCGTAGTAG","GACGACGCTG"
"CAGTAGGCTA","AGCTGATGTC","GACGACTAGG"
"AGCTAGCTGT","TCGTGACTAG","GACGACTCGG"
"TAGCGTACGA","CAGTAGCAGC","GACGCTCGAC"
"GCTAGTACGC","ATGACTGTCG","GACGTCGATA"
"CAGCTAGCGA","AGTAGTCAGC","GACGACTAGG"
"TCGGACGTTC","ACGTCGCTGA","GACGCTGTCG"
"AGTCGACGTC","CAGATAGTAG","GACTGCTAGT"
"TACTAGCTGT","GCTAGCTAGT","GACGACGCTT"
"CAGTAGGATC","ACTCAGTACG","GACGAGTTCG"
"GATGCTGACT","TAGCTACGAG","GACGCTAGTC"
"TCGTAGCAGC","AGTCTAGTGA","GACGTCGTCG"
"AGCCTGTCAG","TCGACTGCTG","GACGACTGTA"
"TACTAGCTGA","GATCGTCAGT","GACGCTAGAT"
"CAGGTCAGTA","AGTAGCTGTC","GACGATCTGC"
"ACTCAGTGAG","TAGGTCACGT","GACGCTAGTC"
"AGCTACGTGA","CTAGTAGCGA","GACGCTGACG"
"TCTAGTGACT","GACCTAGTGA","GACGTCGTCG"
"GCTACTACGA","ATCGTAGTAG","GACGACGCTG"
"CAGTAGGCTA","AGCTGATGTC","GACGACTAGG"
"AGCTAGCTGT","TCGTGACTAG","GACGACTCGG"
"TAGCGTACGA","CAGTAGCAGC","GACGCTCGAC"
"GCTAGTACGC","ATGACTGTCG","GACGTCGATA"
"CAGCTAGCGA","AGTAGTCAGC","GACGACTAGG"
"TCGGACGTTC","ACGTCGCTGA","GACGCTGTCG"
"AGTCGACGTC","CAGATAGTAG","GACTGCTAGT"
"TACTAGCTGT","GCTAGCTAGT","GACGACGCTT"
"CAGTAGGATC","ACTCAGTACG","GACGAGTTCG"
"GATGCTGACT","TAGCTACGAG","GACGCTAGTC"
"TCGTAGCAGC","AGTCTAGTGA","GACGTCGTCG"
"AGCCTGTCAG","TCGACTGCTG","GACGACTGTA"
"TACTAGCTGA","GATCGTCAGT","GACGCTAGAT"
"CAGGTCAGTA","AGTAGCTGTC","GACGATCTGC"
"ACTCAGTGAG","TAGGTCACGT","GACGCTAGTC"
"AGCTACGTGA","CTAGTAGCGA","GACGCTGACG"
"TCTAGTGACT","GACCTAGTGA","GACGTCGTCG"
"GCTACTACGA","ATCGTAGTAG","GACGACGCTG"
"CAGTAGGCTA","AGCTGATGTC","GACGACTAGG"
"AGCTAGCTGT","TCGTGACTAG","GACGACTCGG"
"TAGCGTACGA","CAGTAGCAGC","GACGCTCGAC"
"GCTAGTACGC","ATGACTGTCG","GACGTCGATA"
"CAGCTAGCGA","AGTAGTCAGC","GACGACTAGG"
"TCGGACGTTC","ACGTCGCTGA","GACGCTGTCG"
"AGTCGACGTC","CAGATAGTAG","GACTGCTAGT"
"TACTAGCTGT","GCTAGCTAGT","GACGACGCTT"
"CAGTAGGATC","ACTCAGTACG","GACGAGTTCG"
"GATGCTGACT","TAGCTACGAG","GACGCTAGTC"
"TCGTAGCAGC","AGTCTAGTGA","GACGTCGTCG"
"AGCCTGTCAG","TCGACTGCTG","GACGACTGTA"
"TACTAGCTGA","GATCGTCAGT","GACGCTAGAT"
"CAGGTCAGTA","AGTAGCTGTC","GACGATCTGC"
"ACTCAGTGAG","TAGGTCACGT","GACGCTAGTC"
"AGCTACGTGA","CTAGTAGCGA","GACGCTGACG"
"TCTAGTGACT","GACCTAGTGA","GACGTCGTCG"
"GCTACTACGA","ATCGTAGTAG","GACGACGCTG"
"CAGTAGGCTA","AGCTGATGTC","GACGACTAGG"
"AGCTAGCTGT","TCGTGACTAG","GACGACTCGG"
"TAGCGTACGA","CAGTAGCAGC","GACGCTCGAC"
"GCTAGTACGC","ATGACTGTCG","GACGTCGATA"
"CAGCTAGCGA","AGTAGTCAGC","GACGACTAGG"
"TCGGACGTTC","ACGTCGCTGA","GACGCTGTCG"
"AGTCGACGTC","CAGATAGTAG","GACTGCTAGT"
"TACTAGCTGT","GCTAGCTAGT","GACGACGCTT"
"CAGTAGGATC","ACTCAGTACG","GACGAGTTCG"
"GATGCTGACT","TAGCTACGAG","GACGCTAGTC"
"TCGTAGCAGC","AGTCTAGTGA","GACGTCGTCG"
"AGCCTGTCAG","TCGACTGCTG","GACGACTGTA"
"TACTAGCTGA","GATCGTCAGT","GACGCTAGAT"
"CAGGTCAGTA","AGTAGCTGTC","GACGATCTGC"
"ACTCAGTGAG","TAGGTCACGT","GACGCTAGTC"
"AGCTACGTGA","CTAGTAGCGA","GACGCTGACG"
"TCTAGTGACT","GACCTAGTGA","GACGTCGTCG"
"GCTACTACGA","ATCGTAGTAG","GACGACGCTG"
"CAGTAGGCTA","AGCTGATGTC","GACGACTAGG"
"AGCTAGCTGT","TCGTGACTAG","GACGACTCGG"
"TAGCGTACGA","CAGTAGCAGC","GACGCTCGAC"
"GCTAGTACGC","ATGACTGTCG","GACGTCGATA"
"CAGCTAGCGA","AGTAGTCAGC","GACGACTAGG"
"TCGGACGTTC","ACGTCGCTGA","GACGCTGTCG"
"AGTCGACGTC","CAGATAGTAG","GACTGCTAGT"
"TACTAGCTGT","GCTAGCTAGT","GACGACGCTT"
"CAGTAGGATC","ACTCAGTACG","GACGAGTTCG"
"GATGCTGACT","TAGCTACGAG","GACGCTAGTC"
"TCGTAGCAGC","AGTCTAGTGA","GACGTCGTCG"
"AGCCTGTCAG","TCGACTGCTG","GACGACTGTA"
"TACTAGCTGA","GATCGTCAGT","GACGCTAGAT"
"CAGGTCAGTA","AGTAGCTGTC","GACGATCTGC"
"ACTCAGTGAG","TAGGTCACGT","GACGCTAGTC"
"AGCTACGTGA","CTAGTAGCGA","GACGCTGACG"
"TCTAGTGACT","GACCTAGTGA","GACGTCGTCG"
"GCTACTACGA","ATCGTAGTAG","GACGACGCTG"
"CAGTAGGCTA","AGCTGATGTC","GACGACTAGG"
"AGCTAGCTGT","TCGTGACTAG","GACGACTCGG"
"TAGCGTACGA","CAGTAGCAGC","GACGCTCGAC"
"GCTAGTACGC","ATGACTGTCG","GACGTCGATA"
"CAGCTAGCGA","AGTAGTCAGC","GACGACTAGG"
"TCGGACGTTC","ACGTCGCTGA","GACGCTGTCG"
"AGTCGACGTC","CAGATAGTAG","GACTGCTAGT"
"TACTAGCTGT","GCTAGCTAGT","GACGACGCTT"
"CAGTAGGATC","ACTCAGTACG","GACGAGTTCG"
"GATGCTGACT","TAGCTACGAG","GACGCTAGTC"
"TCGTAGCAGC","AGTCTAGTGA","GACGTCGTCG"
"AGCCTGTCAG","TCGACTGCTG","GACGACTGTA"
"TACTAGCTGA","GATCGTCAGT","GACGCTAGAT"
"CAGGTCAGTA","AGTAGCTGTC","GACGATCTGC"
"ACTCAGTGAG","TAGGTCACGT","GACGCTAGTC"
"AGCTACGTGA","CTAGTAGCGA","GACGCTGACG"
"TCTAGTGACT","GACCTAGTGA","GACGTCGTCG"
"GCTACTACGA","ATCGTAGTAG","GACGACGCTG"
"CAGTAGGCTA","AGCTGATGTC","GACGACTAGG"
"AGCTAGCTGT","TCGTGACTAG","GACGACTCGG"
"TAGCGTACGA","CAGTAGCAGC","GACGCTCGAC"
"GCTAGTACGC","ATGACTGTCG","GACGTCGATA"
"CAGCTAGCGA","AGTAGTCAGC","GACGACTAGG"
"TCGGACGTTC","ACGTCGCTGA","GACGCTGTCG"
"AGTCGACGTC","CAGATAGTAG","GACTGCTAGT"
"TACTAGCTGT","GCTAGCTAGT","GACGACGCTT"
"CAGTAGGATC","ACTCAGTACG","GACGAGTTCG"
"GATGCTGACT","TAGCTACGAG","GACGCTAGTC"
"TCGTAGCAGC","AGTCTAGTGA","GACGTCGTCG"
"AGCCTGTCAG","TCGACTGCTG","GACGACTGTA"
"TACTAGCTGA","GATCGTCAGT","GACGCTAGAT"
"CAGGTCAGTA","AGTAGCTGTC","GACGATCTGC"
"ACTCAGTGAG","TAGGTCACGT","GACGCTAGTC"
"AGCTACGTGA","CTAGTAGCGA","GACGCTGACG"
"TCTAGTGACT","GACCTAGTGA","GACGTCGTCG"
"GCTACTACGA","ATCGTAGTAG","GACGACGCTG"
"CAGTAGGCTA","AGCTGATGTC","GACGACTAGG"
"AGCTAGCTGT","TCGTGACTAG","GACGACTCGG"
"TAGCGTACGA","CAGTAGCAGC","GACGCTCGAC"
"GCTAGTACGC","ATGACTGTCG","GACGTCGATA"
"CAGCTAGCGA","AGTAGTCAGC","GACGACTAGG"
"TCGGACGTTC","ACGTCGCTGA","GACGCTGTCG"
"AGTCGACGTC","CAGATAGTAG","GACTGCTAGT"
"TACTAGCTGT","GCTAGCTAGT","GACGACGCTT"
"CAGTAGGATC","ACTCAGTACG","GACGAGTTCG"
"GATGCTGACT","TAGCTACGAG","GACGCTAGTC"
"TCGTAGCAGC","AGTCTAGTGA","GACGTCGTCG"
"AGCCTGTCAG","TCGACTGCTG","GACGACTGTA"
"TACTAGCTGA","GATCGTCAGT","GACGCTAGAT"
"CAGGTCAGTA","AGTAGCTGTC","GACGATCTGC"
"ACTCAGTGAG","TAGGTCACGT","GACGCTAGTC"
"AGCTACGTGA","CTAGTAGCGA","GACGCTGACG"
"TCTAGTGACT","GACCTAGTGA","GACGTCGTCG"
"GCTACTACGA","ATCGTAGTAG","GACGACGCTG"
"CAGTAGGCTA","AGCTGATGTC","GACGACTAGG"
"AGCTAGCTGT","TCGTGACTAG","GACGACTCGG"
"TAGCGTACGA","CAGTAGCAGC","GACGCTCGAC"
"GCTAGTACGC","ATGACTGTCG","GACGTCGATA"
"CAGCTAGCGA","AGTAGTCAGC","GACGACTAGG"
"TCGGACGTTC","ACGTCGCTGA","GACGCTGTCG"
"AGTCGACGTC","CAGATAGTAG","GACTGCTAGT"
"TACTAGCTGT","GCTAGCTAGT","GACGACGCTT"
"CAGTAGGATC","ACTCAGTACG","GACGAGTTCG"
"GATGCTGACT","TAGCTACGAG","GACGCTAGTC"
"TCGTAGCAGC","AGTCTAGTGA","GACGTCGTCG"
"AGCCTGTCAG","TCGACTGCTG","GACGACTGTA"
"TACTAGCTGA","GATCGTCAGT","GACGCTAGAT"
"CAGGTCAGTA","AGTAGCTGTC","GACGATCTGC"
"ACTCAGTGAG","TAGGTCACGT","GACGCTAGTC"
"AGCTACGTGA","CTAGTAGCGA","GACGCTGACG"
"TCTAGTGACT","GACCTAGTGA","GACGTCGTCG"
"GCTACTACGA","ATCGTAGTAG","GACGACGCTG"
"CAGTAGGCTA","AGCTGATGTC","GACGACTAGG"
"AGCTAGCTGT","TCGTGACTAG","GACGACTCGG"
"TAGCGTACGA","CAGTAGCAGC","GACGCTCGAC"
"GCTAGTACGC","ATGACTGTCG","GACGTCGATA"
"CAGCTAGCGA","AGTAGTCAGC","GACGACTAGG"
"TCGGACGTTC","ACGTCGCTGA","GACGCTGTCG"
"AGTCGACGTC","CAGATAGTAG","GACTGCTAGT"
"TACTAGCTGT","GCTAGCTAGT","GACGACGCTT"
"CAGTAGGATC","ACTCAGTACG","GACGAGTTCG"
"GATGCTGACT","TAGCTACGAG","GACGCTAGTC"
"TCGTAGCAGC","AGTCTAGTGA","GACGTCGTCG"
"AGCCTGTCAG","TCGACTGCTG","GACGACTGTA"
"TACTAGCTGA","GATCGTCAGT","GACGCTAGAT"
"CAGGTCAGTA","AGTAGCTGTC","GACGATCTGC"
"ACTCAGTGAG","TAGGTCACGT","GACGCTAGTC"
"AGCTACGTGA","CTAGTAGCGA","GACGCTGACG"
"TCTAGTGACT","GACCTAGTGA","GACGTCGTCG"
"GCTACTACGA","ATCGTAGTAG","GACGACGCTG"
"CAGTAGGCTA","AGCTGATGTC","GACGACTAGG"
"AGCTAGCTGT","TCGTGACTAG","GACGACTCGG"
"TAGCGTACGA","CAGTAGCAGC","GACGCTCGAC"
"GCTAGTACGC","ATGACTGTCG","GACGTCGATA"
"CAGCTAGCGA","AGTAGTCAGC","GACGACTAGG"
"TCGGACGTTC","ACGTCGCTGA","GACGCTGTCG"
"AGTCGACGTC","CAGATAGTAG","GACTGCTAGT"
"TACTAGCTGT","GCTAGCTAGT","GACGACGCTT"
"CAGTAGGATC","ACTCAGTACG","GACGAGTTCG"
"GATGCTGACT","TAGCTACGAG","GACGCTAGTC"
"TCGTAGCAGC","AGTCTAGTGA","GACGTCGTCG"
"AGCCTGTCAG","TCGACTGCTG","GACGACTGTA"
"TACTAGCTGA","GATCGTCAGT","GACGCTAGAT"
"CAGGTCAGTA","AGTAGCTGTC","GACGATCTGC"
"ACTCAGTGAG","TAGGTCACGT","GACGCTAGTC"
"AGCTACGTGA","CTAGTAGCGA","GACGCTGACG"
"TCTAGTGACT","GACCTAGTGA","GACGTCGTCG"
"GCTACTACGA","ATCGTAGTAG","GACGACGCTG"
"CAGTAGGCTA","AGCTGATGTC","GACGACTAGG"
"AGCTAGCTGT","TCGTGACTAG","GACGACTCGG"
"TAGCGTACGA","CAGTAGCAGC","GACGCTCGAC"
"GCTAGTACGC","ATGACTGTCG","GACGTCGATA"
"CAGCTAGCGA","AGTAGTCAGC","GACGACTAGG"
"TCGGACGTTC","ACGTCGCTGA","GACGCTGTCG"
"AGTCGACGTC","CAGATAGTAG","GACTGCTAGT"
"TACTAGCTGT","GCTAGCTAGT","GACGACGCTT"
"CAGTAGGATC","ACTCAGTACG","GACGAGTTCG"
"GATGCTGACT","TAGCTACGAG","GACGCTAGTC"
"TCGTAGCAGC","AGTCTAGTGA","GACGTCGTCG"
"AGCCTGTCAG","TCGACTGCTG","GACGACTGTA"
"TACTAGCTGA","GATCGTCAGT","GACGCTAGAT"
"CAGGTCAGTA","AGTAGCTGTC","GACGATCTGC"
"ACTCAGTGAG","TAGGTCACGT","GACGCTAGTC"
"AGCTACGTGA","CTAGTAGCGA","GACGCTGACG"
"TCTAGTGACT","GACCTAGTGA","GACGTCGTCG"
"GCTACTACGA","ATCGTAGTAG","GACGACGCTG"
"CAGTAGGCTA","AGCTGATGTC","GACGACTAGG"
"AGCTAGCTGT","TCGTGACTAG","GACGACTCGG"
"TAGCGTACGA","CAGTAGCAGC","GACGCTCGAC"
"GCTAGTACGC","ATGACTGTCG","GACGTCGATA"
"CAGCTAGCGA","AGTAGTCAGC","GACGACTAGG"
"TCGGACGTTC","ACGTCGCTGA","GACGCTGTCG"
"AGTCGACGTC","CAGATAGTAG","GACTGCTAGT"
"TACTAGCTGT","GCTAGCTAGT","GACGACGCTT"
"CAGTAGGATC","ACTCAGTACG","GACGAGTTCG"
"GATGCTGACT","TAGCTACGAG","GACGCTAGTC"
"TCGTAGCAGC","AGTCTAGTGA","GACGTCGTCG"
"AGCCTGTCAG","TCGACTGCTG","GACGACTGTA"
"TACTAGCTGA","GATCGTCAGT","GACGCTAGAT"
"CAGGTCAGTA","AGTAGCTGTC","GACGATCTGC"
"ACTCAGTGAG","TAGGTCACGT","GACGCTAGTC"
"AGCTACGTGA","CTAGTAGCGA","GACGCTGACG"
"TCTAGTGACT","GACCTAGTGA","GACGTCGTCG"
"GCTACTACGA","ATCGTAGTAG","GACGACGCTG"
"CAGTAGGCTA","AGCTGATGTC","GACGACTAGG"
"AGCTAGCTGT","TCGTGACTAG","GACGACTCGG"
"TAGCGTACGA","CAGTAGCAGC","GACGCTCGAC"
"GCTAGTACGC","ATGACTGTCG","GACGTCGATA"
"CAGCTAGCGA","AGTAGTCAGC","GACGACTAGG"
"TCGGACGTTC","ACGTCGCTGA","GACGCTGTCG"
"AGTCGACGTC","CAGATAGTAG","GACTGCTAGT"
"TACTAGCTGT","GCTAGCTAGT","GACGACGCTT"
"CAGTAGGATC","ACTCAGTACG","GACGAGTTCG"
"GATGCTGACT","TAGCTACGAG","GACGCTAGTC"
